symbol,code,name,exchange,board,list_date,industry,sample_group
920014.BJ,920014,特瑞斯,BJ,北交所,2022-12-13,专用设备制造业,BJ_北交所
920019.BJ,920019,铜冠矿建,BJ,北交所,2024-10-11,开采专业及辅助性活动,BJ_北交所
920075.BJ,920075,柏星龙,BJ,北交所,2022-12-14,印刷和记录媒介复制业,BJ_北交所
920145.BJ,920145,恒合股份,BJ,北交所,2021-11-15,仪器仪表制造业,BJ_北交所
920212.BJ,920212,智新电子,BJ,北交所,2021-06-08,计算机、通信和其他电子设备制造业,BJ_北交所
920221.BJ,920221,易实精密,BJ,北交所,2023-06-08,汽车制造业,BJ_北交所
920260.BJ,920260,中寰股份,BJ,北交所,2021-11-15,仪器仪表制造业,BJ_北交所
920363.BJ,920363,莱赛激光,BJ,北交所,2023-12-28,仪器仪表制造业,BJ_北交所
920395.BJ,920395,朗鸿科技,BJ,北交所,2022-09-01,计算机、通信和其他电子设备制造业,BJ_北交所
920405.BJ,920405,海希通讯,BJ,北交所,2021-11-05,仪器仪表制造业,BJ_北交所
920419.BJ,920419,路斯股份,BJ,北交所,2022-03-11,农副食品加工业,BJ_北交所
920662.BJ,920662,方盛股份,BJ,北交所,2022-11-28,通用设备制造业,BJ_北交所
920718.BJ,920718,合肥高科,BJ,北交所,2022-12-22,电气机械和器材制造业,BJ_北交所
920808.BJ,920808,曙光数创,BJ,北交所,2022-11-18,通用设备制造业,BJ_北交所
920809.BJ,920809,安达科技,BJ,北交所,2023-03-23,计算机、通信和其他电子设备制造业,BJ_北交所
920834.BJ,920834,三维装备,BJ,北交所,2022-08-22,通用设备制造业,BJ_北交所
920855.BJ,920855,浙江大农,BJ,北交所,2022-12-29,通用设备制造业,BJ_北交所
920950.BJ,920950,迅安科技,BJ,北交所,2023-01-11,专用设备制造业,BJ_北交所
920971.BJ,920971,XD天马新,BJ,北交所,2022-09-27,计算机、通信和其他电子设备制造业,BJ_北交所
920981.BJ,920981,晶赛科技,BJ,北交所,2021-11-15,计算机、通信和其他电子设备制造业,BJ_北交所
600079.SH,600079,ST人福,SH,主板,1997-06-06,,SH_主板
600095.SH,600095,湘财股份,SH,主板,1997-07-08,,SH_主板
600172.SH,600172,黄河旋风,SH,主板,1998-11-26,,SH_主板
600295.SH,600295,鄂尔多斯,SH,主板,2001-04-26,,SH_主板
600369.SH,600369,西南证券,SH,主板,2001-01-09,,SH_主板
600490.SH,600490,鹏欣资源,SH,主板,2003-06-26,,SH_主板
600515.SH,600515,海南机场,SH,主板,2002-08-06,,SH_主板
600765.SH,600765,中航重机,SH,主板,1996-11-06,,SH_主板
600993.SH,600993,马应龙,SH,主板,2004-05-17,,SH_主板
601718.SH,601718,际华集团,SH,主板,2010-08-16,,SH_主板
601886.SH,601886,XD江河集,SH,主板,2011-08-18,,SH_主板
603069.SH,603069,海汽集团,SH,主板,2016-07-12,,SH_主板
603085.SH,603085,天成自控,SH,主板,2015-06-30,,SH_主板
603393.SH,603393,新天然气,SH,主板,2016-09-12,,SH_主板
603488.SH,603488,展鹏科技,SH,主板,2017-05-16,,SH_主板
603589.SH,603589,口子窖,SH,主板,2015-06-29,,SH_主板
603689.SH,603689,皖天然气,SH,主板,2017-01-10,,SH_主板
603797.SH,603797,联泰环保,SH,主板,2017-04-13,,SH_主板
603833.SH,603833,欧派家居,SH,主板,2017-03-28,,SH_主板
603917.SH,603917,合力科技,SH,主板,2017-12-04,,SH_主板
688026.SH,688026,洁特生物,SH,科创板,2020-01-22,,SH_科创板
688066.SH,688066,航天宏图,SH,科创板,2019-07-22,,SH_科创板
688126.SH,688126,沪硅产业,SH,科创板,2020-04-20,,SH_科创板
688127.SH,688127,蓝特光学,SH,科创板,2020-09-21,,SH_科创板
688160.SH,688160,步科股份,SH,科创板,2020-11-12,,SH_科创板
688220.SH,688220,翱捷科技,SH,科创板,2022-01-14,,SH_科创板
688256.SH,688256,寒武纪,SH,科创板,2020-07-20,,SH_科创板
688281.SH,688281,华秦科技,SH,科创板,2022-03-07,,SH_科创板
688287.SH,688287,*ST观典,SH,科创板,2022-05-25,,SH_科创板
688387.SH,688387,信科移动,SH,科创板,2022-09-26,,SH_科创板
688432.SH,688432,有研硅,SH,科创板,2022-11-10,,SH_科创板
688450.SH,688450,光格科技,SH,科创板,2023-07-24,,SH_科创板
688489.SH,688489,三未信安,SH,科创板,2022-12-02,,SH_科创板
688502.SH,688502,茂莱光学,SH,科创板,2023-03-09,,SH_科创板
688539.SH,688539,高华科技,SH,科创板,2023-04-18,,SH_科创板
688681.SH,688681,科汇股份,SH,科创板,2021-06-16,,SH_科创板
688686.SH,688686,奥普特,SH,科创板,2020-12-31,,SH_科创板
688702.SH,688702,盛科通信,SH,科创板,2023-09-14,,SH_科创板
688767.SH,688767,博拓生物,SH,科创板,2021-09-08,,SH_科创板
688981.SH,688981,中芯国际,SH,科创板,2020-07-16,,SH_科创板
000002.SZ,000002,万  科Ａ,SZ,主板,1991-01-29,K 房地产,SZ_主板
000510.SZ,000510,新金路,SZ,主板,1993-05-07,C 制造业,SZ_主板
000552.SZ,000552,甘肃能化,SZ,主板,1994-01-06,B 采矿业,SZ_主板
000582.SZ,000582,北部湾港,SZ,主板,1995-11-02,G 运输仓储,SZ_主板
000830.SZ,000830,鲁西化工,SZ,主板,1998-08-07,C 制造业,SZ_主板
000951.SZ,000951,中国重汽,SZ,主板,1999-11-25,C 制造业,SZ_主板
000968.SZ,000968,蓝焰控股,SZ,主板,2000-06-22,B 采矿业,SZ_主板
000970.SZ,000970,中科三环,SZ,主板,2000-04-20,C 制造业,SZ_主板
001296.SZ,001296,长江材料,SZ,主板,2021-12-24,C 制造业,SZ_主板
002197.SZ,002197,证通电子,SZ,主板,2007-12-18,I 信息技术,SZ_主板
002217.SZ,002217,合力泰,SZ,主板,2008-02-20,C 制造业,SZ_主板
002264.SZ,002264,新 华 都,SZ,主板,2008-07-31,I 信息技术,SZ_主板
002307.SZ,002307,北新路桥,SZ,主板,2009-11-11,E 建筑业,SZ_主板
002613.SZ,002613,北玻股份,SZ,主板,2011-08-30,C 制造业,SZ_主板
002627.SZ,002627,三峡旅游,SZ,主板,2011-11-03,N 公共环保,SZ_主板
002633.SZ,002633,申科股份,SZ,主板,2011-11-22,C 制造业,SZ_主板
002726.SZ,002726,ST龙大,SZ,主板,2014-06-26,C 制造业,SZ_主板
002856.SZ,002856,*ST美芝,SZ,主板,2017-03-20,E 建筑业,SZ_主板
002858.SZ,002858,力盛体育,SZ,主板,2017-03-24,R 文化传播,SZ_主板
002909.SZ,002909,集泰股份,SZ,主板,2017-10-26,C 制造业,SZ_主板
300012.SZ,300012,华测检测,SZ,创业板,2009-10-30,M 科研服务,SZ_创业板
300035.SZ,300035,中科电气,SZ,创业板,2009-12-25,C 制造业,SZ_创业板
300044.SZ,300044,*ST赛为,SZ,创业板,2010-01-20,I 信息技术,SZ_创业板
300085.SZ,300085,银之杰,SZ,创业板,2010-05-26,I 信息技术,SZ_创业板
300182.SZ,300182,捷成股份,SZ,创业板,2011-02-22,R 文化传播,SZ_创业板
300243.SZ,300243,瑞丰高材,SZ,创业板,2011-07-12,C 制造业,SZ_创业板
300249.SZ,300249,依米康,SZ,创业板,2011-08-03,I 信息技术,SZ_创业板
300261.SZ,300261,雅本化学,SZ,创业板,2011-09-06,C 制造业,SZ_创业板
300350.SZ,300350,华鹏飞,SZ,创业板,2012-08-21,G 运输仓储,SZ_创业板
300479.SZ,300479,神思电子,SZ,创业板,2015-06-12,I 信息技术,SZ_创业板
300573.SZ,300573,兴齐眼药,SZ,创业板,2016-12-08,C 制造业,SZ_创业板
300668.SZ,300668,杰恩股份,SZ,创业板,2017-06-19,L 商务服务,SZ_创业板
300823.SZ,300823,建科智能,SZ,创业板,2020-03-19,C 制造业,SZ_创业板
300829.SZ,300829,金丹科技,SZ,创业板,2020-04-22,C 制造业,SZ_创业板
301051.SZ,301051,信濠光电,SZ,创业板,2021-08-27,C 制造业,SZ_创业板
301138.SZ,301138,华研精机,SZ,创业板,2021-12-15,C 制造业,SZ_创业板
301298.SZ,301298,东利机械,SZ,创业板,2022-06-06,C 制造业,SZ_创业板
301397.SZ,301397,溯联股份,SZ,创业板,2023-06-28,C 制造业,SZ_创业板
301500.SZ,301500,飞南资源,SZ,创业板,2023-09-21,C 制造业,SZ_创业板
301607.SZ,301607,富特科技,SZ,创业板,2024-09-04,C 制造业,SZ_创业板
